progress_id,project_id,student_id,progress,score,result
PG001,DT020,SV030,49,8.2,Tốt
PG002,DT009,SV054,52,6.0,Đạt
PG003,DT054,SV008,26,9.0,Đạt
PG004,DT075,SV090,2,9.1,Chưa đạt
PG005,DT049,SV062,0,9.7,Khá
PG006,DT050,SV054,68,8.5,Chưa đạt
PG007,DT078,SV029,120,5.3,Đạt
PG008,DT063,SV004,49,6.0,Đạt
PG009,DT022,SV060,16,9.9,Chưa đạt
PG010,DT004,SV051,75,7.4,Xuất sắc
PG011,DT011,SV083,54,4.8,Đạt
PG012,DT024,SV007,33,6.3,Tốt
PG013,DT059,SV042,43,8.6,Đạt
PG014,DT036,SV097,53,5.5,Xuất sắc
PG015,DT061,SV003,95,7.2,Khá
PG016,DT029,SV084,8,8.7,Xuất sắc
PG017,DT004,SV032,25,9.0,Chưa đạt
PG018,DT020,SV031,16,-1,Xuất sắc
PG019,DT073,SV028,59,8.2,Khá
PG020,DT022,SV078,77,9.8,Xuất sắc
PG021,DT021,SV040,13,7.5,Khá
PG022,DT074,SV087,48,6.4,Tốt
PG023,DT010,SV076,88,9.0,Tốt
PG024,DT014,SV090,98,5.8,Chưa đạt
PG025,DT016,SV073,100,4.2,Chưa đạt
PG026,DT055,SV085,47,4.4,Khá
PG027,DT002,SV054,62,4.6,Khá
PG028,DT059,SV091,19,6.6,Chưa đạt
PG029,DT035,SV999,68,8.6,Đạt
PG030,DT056,SV094,75,5.6,Tốt
PG031,DT012,SV036,57,5.5,Đạt
PG032,DT073,SV079,85,6.3,Xuất sắc
PG033,DT064,SV042,23,6.9,Khá
PG034,DT034,SV044,35,9.3,Khá
PG035,DT072,SV002,66,9.7,Xuất sắc
PG036,DT031,SV093,52,6.9,Tốt
PG037,DT061,SV083,91,6.9,Xuất sắc
PG038,DT012,SV038,28,6.4,Tốt
PG039,DT040,SV085,74,6.2,Chưa đạt
PG040,DT068,SV045,54,10.0,Chưa đạt
PG041,DT043,SV046,89,6.7,Khá
PG042,DT999,SV030,15,8.3,Khá
PG043,DT016,SV096,68,9.7,Tốt
PG044,DT025,SV028,94,6.9,Chưa đạt
PG045,DT068,SV077,36,9.9,Tốt
PG046,DT038,SV030,46,5.1,Xuất sắc
PG047,DT069,SV017,35,4.3,Xuất sắc
PG048,DT071,SV038,89,9.7,Đạt
PG049,DT014,SV002,73,5.7,Đạt
PG050,DT057,SV044,23,9.8,Khá
PG051,DT062,SV015,8,6.4,Xuất sắc
PG052,DT074,SV081,87,4.3,Tốt
PG053,DT073,SV039,10,10.0,Xuất sắc
PG054,DT072,SV098,53,7.6,Chưa đạt
PG055,DT029,SV100,66,6.3,Đạt
PG056,DT039,SV076,abc,5.8,Chưa đạt
PG057,DT008,SV079,94,4.6,Tốt
PG058,DT028,SV034,84,4.5,Tốt
PG059,DT023,SV071,9,4.9,Đạt
PG060,DT058,SV089,76,6.8,Xuất sắc
PG061,DT030,SV037,90,5.7,Đạt
PG062,DT010,SV088,29,9.5,Chưa đạt
PG063,DT026,SV055,14,7.3,Tốt
PG064,DT035,SV019,9,4.4,Khá
PG065,DT077,SV096,72,9.5,Đạt
PG066,DT016,SV060,88,5.8,Đạt
PG067,DT035,SV065,69,7.0,Xuất sắc
PG068,DT077,SV006,55,8.4,Chưa đạt
PG069,DT033,SV004,11,5.4,Chưa đạt
PG070,DT076,SV003,97,8.0,Khá
PG071,DT074,SV006,97,8.5,Đạt
PG072,DT067,SV084,56,9.5,Tốt
PG001,DT075,SV056,81,8.9,Xuất sắc
PG074,DT061,SV045,52,6.0,Xuất sắc
PG075,DT021,SV043,52,8.2,Khá
PG076,DT052,SV098,70,4.2,Xuất sắc
PG077,DT041,SV033,41,4.7,Đạt
PG078,DT066,SV001,84,9.2,Đạt
PG079,DT053,SV007,24,7.1,Chưa đạt
PG080,DT064,SV081,56,8.6,Tốt
PG081,DT035,SV071,16,9.6,Đạt
PG082,DT063,SV016,3,9.8,Chưa đạt
PG083,DT031,SV091,20,5.9,Xuất sắc
PG084,DT071,SV053,11,5.3,Xuất sắc
PG085,DT060,SV016,82,9.0,Đạt
PG086,DT038,SV066,90,5.6,Đạt
PG087,DT061,SV032,58,7.3,Đạt
PG088,DT025,SV077,65,8.5,Tốt
PG089,DT009,SV036,98,8.7,Đạt
PG090,DT044,SV065,34,8.9,Khá
PG091,DT039,SV076,74,10.0,Đạt
PG092,DT020,SV058,68,11.5,Khá
PG093,DT071,SV098,69,6.3,Khá
PG094,DT025,SV090,30,7.4,Tốt
PG095,DT053,SV006,40,8.5,Đạt
PG096,DT050,SV085,83,9.9,Đạt
PG097,DT005,SV017,64,9.8,Khá
PG098,DT013,SV057,12,7.2,Đạt
PG099,DT002,SV093,18,6.5,Tốt
PG100,DT010,SV061,100,9.8,Khá
PG101,DT080,SV089,50,7.9,Khá
PG102,DT069,SV049,40,7.8,Đạt
PG103,DT070,SV005,79,4.4,Khá
PG104,DT030,SV096,11,6.6,Xuất sắc
PG105,DT013,SV057,21,8.2,Xuất sắc
PG106,DT006,SV042,7,5.8,Khá
PG107,DT056,SV019,31,7.2,Chưa đạt
PG108,DT024,SV022,22,4.5,Đạt
PG109,DT080,SV088,30,7.0,Chưa đạt
PG110,DT019,SV030,59,7.8,Đạt
PG111,DT033,SV086,1,9.4,Đạt
PG112,DT037,SV087,69,4.9,
PG113,DT045,SV076,38,7.8,Đạt
PG114,DT033,SV059,38,5.2,Đạt
PG115,DT062,SV014,30,6.3,Khá
PG116,DT074,SV038,89,5.8,Đạt
PG117,DT036,SV002,72,9.2,Xuất sắc
PG118,DT078,SV096,63,9.0,Khá
PG119,DT030,SV078,45,5.3,Tốt
PG120,DT080,SV033,86,8.5,Tốt
PG121,DT013,SV081,82,4.2,Đạt
PG122,DT005,SV075,46,8.4,Xuất sắc
PG123,DT038,SV042,95,6.5,Tốt
PG124,DT017,SV070,46,7.2,Khá
PG125,DT022,SV033,61,9.8,Khá
PG126,DT044,SV015,59,9.8,Tốt
PG127,DT029,SV087,92,8.0,Đạt
PG128,DT072,SV047,11,8.7,Xuất sắc
PG129,DT034,SV069,15,6.7,Khá
PG130,DT075,SV049,81,9.6,Xuất sắc
PG131,DT030,SV061,3,7.7,Chưa đạt
PG132,DT042,SV079,28,7.9,Đạt
PG133,DT039,SV084,52,4.7,Xuất sắc
PG134,DT005,SV039,63,4.7,Tốt
PG135,DT069,SV018,49,6.7,Chưa đạt
PG136,DT054,SV076,95,8.4,Đạt
PG137,DT013,SV063,78,6.4,Khá
PG138,DT005,SV089,47,5.3,Đạt
PG139,DT031,SV047,12,9.9,Khá
PG140,DT070,SV083,45,4.4,Khá
PG141,DT025,SV016,58,4.6,Tốt
PG142,DT077,SV003,6,8.7,Tốt
PG143,DT017,SV073,26,4.4,Chưa đạt
PG144,DT027,SV076,27,8.9,Tốt
PG145,DT043,SV100,18,8.7,Chưa đạt
PG146,DT001,SV036,18,9.9,Chưa đạt
PG147,DT033,SV023,14,8.0,Xuất sắc
PG148,DT017,SV002,45,8.7,Tốt
PG149,DT076,SV042,2,5.0,Xuất sắc
PG150,DT017,SV095,53,7.2,Xuất sắc
